patient_id,ho_ten,cccd,ngay_sinh,so_dien_thoai,email,dia_chi,benh,ket_qua_xet_nghiem,bac_si_phu_trach,ngay_kham
bdd640fb-0667-4ad1-9c80-317fa3b1799d,Quý ông Quang Lê,814322077864,year:1954,0738398369,jane53@example.net,"245 John Làng, Thành phố JaneThị xã, 362577",Khoe manh,5.37,Bà Thảo Dương,31/01/2026
562b0f79-c374-49ee-b50b-ea63371ecd7b,Ông Thành Phạm,406728058439,year:1948,0778300831,buijane@example.com,"JaneThành phố, 507 Lê Khu, 262810",Khoe manh,4.17,Ông Quang Lê,20/01/2026
a2bc372f-7412-4293-8729-4739614ff3d7,Hương Lê,938170516769,year:1963,0549950872,johnpham@example.com,"77 Nguyễn Hẻm, JohnHuyện, 240974",Tieu duong,8.68,Bảo Đức Mai,03/03/2026
654821d0-7fcd-4eb1-a7ca-d415366eb16f,Chị An Vũ,251178172989,year:1968,0531187471,fhoang@example.com,"044 Jane Khu, JaneHuyện, 116302",Khoe manh,6.86,Chị Thành Hoàng,18/02/2026
f143262f-dc5c-4eed-8da0-365bf89897b9,Hưng Bảo Mai,264619110819,year:1971,0328424596,nguyenjohn@example.net,"206 John Tổ, JaneThành phố, 798745",Huyet ap cao,10.23,Hương Hoàng,05/04/2026
5cec4eb5-edd9-4831-9ca3-5cfb04fc6d82,Chị Thảo Mai,816174642947,year:1968,0767609608,johnmai@example.net,"2 John Ngõ, Thị xã JohnXã, 723440",Tim mach,11.76,Anh Anh Lê,27/03/2026
1efa2197-7394-488f-847f-d9b4e64d1bcb,Quý cô Lâm Nguyễn,087526926411,year:1938,0820903826,maijane@example.net,"35 Vũ Ngõ, Thành phố JohnXã, 731822",Tieu duong,5.55,Lâm Bùi,06/02/2026
6e595ed3-a8b3-47fa-98d0-752b1825bc54,Yến Đặng,633749699397,year:1942,0520035381,epham@example.org,"7 Đặng Số, JohnQuận, 711379",Khoe manh,4.53,Huy Đặng,03/01/2026
c0e9ab30-ed26-42e9-97e0-11b7f8102383,Kim Vũ,008038842646,year:2000,0351780224,xmai@example.com,"3 Jane Hẻm, JaneHuyện, 330446",Huyet ap cao,8.08,Quý cô Duyên Phạm,12/01/2026
80bacd64-7a0e-4fea-958c-a9ba0cd620c2,Bà Dương Dương,502607975932,year:1960,0832534909,janevu@example.com,"48 John Số, JaneThành phố, 138513",Khoe manh,4.69,Mai Trần,26/01/2026
750cab75-4ccc-4bc2-a53f-8a28abf3e3fc,Khoa Trần,624276084397,year:1948,0359881303,john93@example.net,"44 Jane Ngõ, Huyện JaneThị xã, 258694",Khoe manh,3.52,Cô Thảo Vũ,31/01/2026
35ebd32d-9ad6-40ab-8821-2ddb45b89cd9,Nhật Phạm,614158474986,year:2001,0381922071,jane46@example.net,"4 John Hẻm, Thị xã JanePhường, 941115",Huyet ap cao,3.98,Ngọc Hoàng,25/01/2026
e623a689-5d59-4d2a-8eea-04e70ab54bde,Bác Hoàng Bùi,326736308912,year:1963,0711992293,dangjane@example.com,"0 Jane Khu, JaneThành phố, 534866",Tim mach,5.24,Bảo Trần,31/01/2026
61ee411a-1bac-47a7-b386-f7a4c991603f,Quý cô Dương Hoàng,406804139585,year:1965,0304918078,mduong@example.org,"38 John Khu, JohnThành phố, 111112",Tieu duong,10.97,Cô Vi Bùi,23/01/2026
2db69edb-42de-4fcc-b86c-2ca2e08596db,Bà Hồng Dương,239897036860,year:1994,0578977798,vujane@example.net,"7 Jane Ngõ, JaneQuận, 599419",Huyet ap cao,9.6,Dương Nguyễn,02/03/2026
6703b636-5380-4904-a88c-7015aab97e49,Quang Mai Bảo Nguyễn,577575381612,year:1961,0588173976,janeduong@example.com,"6 Jane Tổ, Quận JohnQuận, 936816",Tieu duong,11.53,Bác Tùng Hoàng,02/02/2026
83f4a9a9-48a6-49d0-95b5-2908a8aa7158,Minh Văn Hoàng,886950829699,year:1965,0539026430,inguyen@example.org,"936 John Khu, Quận JaneThành phố, 467520",Huyet ap cao,11.37,Bảo Bùi,12/02/2026
b227462c-f53d-4330-8dda-24ba2d06e8cf,Dương Nguyễn,980321178523,year:1951,0318741241,johnmai@example.org,"86 John Ngõ, JaneThành phố, 613799",Huyet ap cao,3.7,Quý cô Khoa Bùi,05/04/2026
709b7d97-464c-44af-bd3f-3799a07295e9,Quý cô Kim Dương,683220805211,year:1967,0551093765,mnguyen@example.com,"02 Jane Đường, Quận JanePhường, 800729",Tim mach,9.69,Minh Thị Vũ,04/01/2026
9360715f-c3fe-4183-a172-b725db52ca58,Hải Vũ,545715784879,year:1976,0871717525,janedang@example.com,"447 Jane Dãy, Huyện JohnThị xã, 294166",Tieu duong,9.62,Bà Ánh Đặng,25/01/2026
06e745f9-88bc-439c-9f4c-3b79fb10987f,Trung Phạm,554087340548,year:1993,0978235578,johnhoang@example.net,"03 Mai Dãy, JohnPhường, 517906",Huyet ap cao,7.15,Cô Vi Hoàng,07/05/2026
a6d964a3-f510-4b53-87fe-e39f1190f938,Quý cô Hạnh Phạm,237301991798,year:1969,0708003923,gtran@example.org,"58 Hoàng Hẻm, Thị xã JaneXã, 372692",Huyet ap cao,11.86,Chị Hồng Nguyễn,21/01/2026
4fdc6e1b-edcb-4cb6-8692-dc639424aed5,Châu Bùi,224412586000,year:1968,0545882769,vujohn@example.net,"25 John Ngõ, Quận JaneXã, 156426",Khoe manh,4.63,Bà Hương Phạm,04/02/2026
a6846099-f729-4951-8591-31d2bbda0242,Mai Lê,857488600554,year:2001,0809669371,john39@example.com,"94 Nguyễn Số, JohnPhường, 134352",Khoe manh,4.16,Bảo Vũ,10/03/2026
4797b2c9-5720-4246-8223-623bcc3ebdde,Tú Đức Mai,545175956084,year:2005,0748227939,john88@example.org,"3 Hoàng Làng, JohnQuận, 465600",Huyet ap cao,10.58,Mai Hoàng,13/03/2026
58007c02-87ea-4ff5-8db0-674679279973,Phúc Lê,448048040720,year:1997,0751305872,maijohn@example.net,"19 Dương Khu, Huyện JohnQuận, 825754",Khoe manh,6.36,Hà Bùi,03/01/2026
4639447b-2067-4dac-88bd-13d1b540b30e,Ánh Hoàng,417762679284,year:1975,0750405885,jane74@example.org,"367 Lê Tổ, Huyện JohnThị xã, 730208",Khoe manh,6.28,Cô Kim Bùi,30/01/2026
f2f9e5fa-9016-4161-8fa7-01cd2631d00b,Hồng Hoàng,602686470225,year:1951,0358805085,tranjane@example.com,"49 Vũ Dãy, JohnThành phố, 648097",Khoe manh,9.19,Phương Quang Lê,03/02/2026
00af5b3a-2812-459a-9337-739e8d4f5d27,Dương Phạm,318953816012,year:1939,0819506625,nguyenjane@example.org,"4 Jane Ngõ, JaneXã, 712663",Tieu duong,9.43,Anh Tấn Nguyễn,12/01/2026
9854ce4e-4ebf-45c3-8ae9-b4a72a79ea68,An Mai,259838415419,year:1999,0579202571,john46@example.com,"5 Jane Hẻm, Thị xã JaneHuyện, 375570",Huyet ap cao,9.74,Phúc Mai,22/04/2026
2cd94cbb-c19a-458c-835b-1c8c0a4c9f7f,Huy Tấn Trần,757937982882,year:1994,0323122849,maijane@example.net,"2 Phạm Tổ, JaneThành phố, 994857",Tim mach,5.05,Phương Văn Phạm,03/03/2026
f85e06a1-1dad-49b2-92c2-1221409d3602,Anh Anh Phạm,587859969187,year:1998,0854501700,johnle@example.com,"96 John Số, JohnThành phố, 535878",Tieu duong,6.0,Bảo Lê,16/02/2026
8d03c91e-4f8d-4238-a88b-78b5b5b453ca,Hoàng Vũ,369745649730,year:1948,0575516516,vhoang@example.com,"959 Jane Đường, JanePhường, 282968",Tieu duong,9.81,Quý ông Tùng Bùi,09/04/2026
dd30de89-22f2-45f2-a11b-868dbf0d073d,Nhật Mai Mai,620847662749,year:1981,0751225241,johndang@example.com,"23 Jane Làng, Thành phố JaneXã, 594098",Tieu duong,8.2,An Hoàng,09/01/2026
b489d070-7914-48a8-bea4-ff31517400f8,Quang Hữu Hoàng,381730171371,year:1940,0396138433,john26@example.com,"0 Nguyễn Số, JohnXã, 598320",Huyet ap cao,4.77,Xuân Bùi,02/05/2026
7cea2045-c268-483e-a32f-2e63b7fddd71,Thành Vũ,519835050589,year:1967,0891619508,jtran@example.org,"207 Jane Tổ, JohnHuyện, 879815",Tieu duong,11.55,Nhật Vũ,20/04/2026
2b840c67-2e18-4554-8ae2-8e66ae8a7813,Xuân Trần,844253458391,year:1968,0885693009,hoangjane@example.com,"668 Phạm Ngõ, Thị xã JohnPhường, 912051",Tieu duong,9.34,Xuân Lê,28/02/2026
da743152-627b-41a1-bfd6-f23232ffe294,Kim Đặng,589577138768,year:1984,0746318712,john43@example.com,"59 Nguyễn Ngõ, Quận JohnThành phố, 459484",Khoe manh,11.51,Thành Đặng,01/03/2026
945ef2e4-088a-43ec-b0d9-c9f8c9e26074,Thành Vũ,011438380997,year:1979,0744179574,mtran@example.com,"37 Jane Khu, JohnThị xã, 997803",Khoe manh,7.91,Chi Bùi,28/01/2026
dc322c97-39c1-4262-b76c-8edec1101266,Yến Trần,654624803925,year:1989,0375862918,jane87@example.com,"29 Vũ Tổ, Huyện JaneHuyện, 918659",Khoe manh,4.25,Hải Nguyễn,04/05/2026
b379cb1e-e8cd-40cc-b6da-3ca0d2e82f38,Quý ông Khoa Trần,715926470195,year:1954,0999838137,janebui@example.com,"2 Jane Dãy, Thành phố JohnThành phố, 780502",Tim mach,7.22,Khoa Đặng,21/03/2026
08601833-479d-4cda-b396-ea37f065c817,Ánh Trần,476391615209,year:1967,0572803405,choang@example.com,"199 Nguyễn Tổ, JaneThành phố, 241730",Khoe manh,10.6,Hà Mai,10/02/2026
dea45c19-d024-4d72-b748-967f961d33ba,Hạnh Mai,934804922475,year:1935,0887998164,johnpham@example.com,"Thị xã JaneQuận, 2 Vũ Làng, 718665",Khoe manh,10.85,Lâm Trần,13/04/2026
79eb4168-1045-46e5-bee3-eb791d181ee9,Phương Bùi,772169838892,year:1950,0726887254,dangjohn@example.com,"3 Jane Hẻm, JaneXã, 764398",Huyet ap cao,7.71,Vi Đặng,25/01/2026
95da75c1-a211-40f9-9fd3-4579466772ce,Nhật Mai,574032821253,year:2004,0879934918,dangjohn@example.com,"056 Mai Khu, JaneQuận, 238140",Tim mach,10.74,Lâm Mai,14/03/2026
ec48bf55-afd3-40c4-a713-582cf41ea3ac,Cô Hồng Mai,744375286987,year:1948,0836668388,tranjohn@example.org,"81 Jane Hẻm, Quận JaneThành phố, 747835",Tieu duong,5.99,Ông Huy Dương,10/03/2026
36760ce5-81e5-49f6-93f2-77cc1a85910d,Ông Dũng Dương,862870425773,year:1983,0755662823,dvu@example.org,"2 Jane Làng, Thành phố JohnHuyện, 512598",Khoe manh,5.67,Chị Ánh Bùi,14/01/2026
f8c88fae-a217-4f84-bdb0-25ff2451e5a4,Thành Hoàng,214417558738,year:1964,0922854238,janetran@example.net,"4 Jane Làng, Quận JohnQuận, 276661",Tim mach,8.39,Quý cô Hà Trần,23/02/2026
1d2324e6-8329-40b7-8143-f426372f871a,Cô Chi Dương,954037656078,year:2001,0762700134,vujohn@example.org,"57 Mai Đường, JanePhường, 838132",Khoe manh,3.78,Hạnh Lê,14/02/2026
ab05347f-d556-437d-8f08-81ee8011316b,Phương Vũ,613470969576,year:1994,0735150261,john90@example.net,"738 John Tổ, JaneThành phố, 674338",Tieu duong,4.7,Quý cô An Đặng,17/02/2026
862268d1-6683-4107-96c0-44d06f887f28,Ông Anh Lê,289646173941,year:1981,0733989089,hoangjane@example.net,"1 Jane Khu, JohnThành phố, 445359",Tim mach,11.28,Mai Đặng,08/05/2026
c5d95f51-f387-41bd-ad59-72c6134a5a2f,Bà Hồng Đặng,324212850815,year:1996,0339797488,janemai@example.com,"4 Jane Khu, JohnQuận, 108433",Huyet ap cao,11.03,Cô An Phạm,15/01/2026
daf481a7-fa34-42e8-9d3f-7d7ea508dc95,Ông Hưng Mai,342275903863,year:2004,0857992097,jane97@example.com,"61 Hoàng Đường, Thị xã JohnHuyện, 580377",Khoe manh,4.28,Trọng Hữu Dương,18/02/2026
707df251-fdb1-429e-b010-ed13b526b22d,Ông Trọng Hoàng,684554767496,year:1988,0781354465,jane51@example.com,"97 John Khu, JohnThị xã, 798598",Huyet ap cao,8.09,Mai Hoàng,26/01/2026
15b02530-f020-4992-b576-255e98549f22,Hải Nguyễn,181213926875,year:1980,0577464234,johnvu@example.net,"0 Jane Số, JohnHuyện, 216973",Tieu duong,7.34,Huy Trần,13/04/2026
e05b46c5-5636-4094-a974-31db09a9d1c1,Nhiên Đức Lê,745926348748,year:1959,0363774646,xbui@example.org,"775 John Số, JohnQuận, 784178",Tim mach,8.81,Anh Trí Nguyễn,08/04/2026
297ca4ff-f75d-499f-ab2d-5b0987079ad4,Bà Lâm Trần,816328909844,year:1942,0357115016,ghoang@example.com,"2 Trần Hẻm, JohnPhường, 254156",Khoe manh,9.7,Cô Bảo Trần,11/01/2026
3c5bf3a7-5fbb-40b1-8083-89c8657e01c9,Quý cô Vi Hoàng,744890818032,year:1939,0834174911,dangjane@example.org,"6 Jane Khu, Thành phố JaneThành phố, 511481",Tieu duong,6.99,Cô Thành Hoàng,16/02/2026
3d0a5f0c-0c39-4ec7-9f31-74054d183eba,Anh Hưng Phạm,651404382041,year:1950,0782313940,johnhoang@example.org,"419 Đặng Đường, Thành phố JaneQuận, 436353",Khoe manh,10.68,Tùng Bùi,14/01/2026
81e03a5e-8b48-4496-86ab-d4e7f4124360,Vân Vũ,129504026965,year:1941,0579690730,nguyenjane@example.org,"960 Jane Hẻm, Huyện JaneXã, 369276",Khoe manh,7.07,Hưng Mai Hoàng,13/01/2026
752a7d25-f190-4b7e-86b4-69efb74eba93,Lâm Trí Trần,029896277232,year:1941,0319657396,vujohn@example.net,"0 Đặng Ngõ, JaneQuận, 553455",Tim mach,5.33,Quý cô Nhật Nguyễn,17/03/2026
7f072cb9-2fd3-40c0-b945-f2fd56cb1ab0,Hà Xuân Mai,477965396332,year:1946,0333330270,janedang@example.com,"571 John Số, JohnThành phố, 507812",Tim mach,6.29,Quý ông Bảo Dương,10/03/2026
46494296-6f58-42c3-bf86-cc319d66e815,Thành Trần,002753435548,year:1984,0836558222,lejane@example.com,"004 John Số, Quận JaneQuận, 703582",Khoe manh,9.53,Chị Hải Lê,13/04/2026
a6499cdc-507b-4072-a5e5-8f345df06e8c,Quý cô Bảo Phạm,167863546931,year:1938,0862318549,qbui@example.org,"77 Jane Làng, JaneThị xã, 214667",Tim mach,5.38,Bác Minh Hoàng,10/05/2026
8ccc9cea-109f-48ee-b5a4-720058f0dd23,Cô Dương Vũ,604700061180,year:1959,0538661175,john21@example.com,"026 Dương Đường, JohnHuyện, 609980",Khoe manh,9.91,Vi Phạm,15/01/2026
a4704d48-5128-49b1-b8ed-e0ca20156a72,Lâm Nguyễn,603900834322,year:2005,0845995093,johnhoang@example.org,"23 Jane Tổ, Thành phố JaneThành phố, 607379",Tieu duong,6.63,Duyên Bùi,18/02/2026
8d03f17a-f4d3-45c1-a293-19fa3240d7a1,Bác Châu Trần,333382289482,year:2007,0306648168,tranjane@example.com,"622 Lê Dãy, Quận JohnHuyện, 820547",Tieu duong,10.39,Châu Thế Đặng,26/02/2026
7ba24588-4d56-4a3d-b4e7-069aa4540937,Quý cô Phương Dương,292400946025,year:1945,0761046527,ivu@example.org,"5 John Khu, Quận JohnHuyện, 586398",Tieu duong,6.3,Chị Phương Phạm,01/04/2026
3f779cae-7318-496d-8479-06121f5d988f,Bà Dương Trần,859281895520,year:1987,0715256945,tranjohn@example.com,"968 Trần Đường, JaneThành phố, 387890",Tieu duong,8.99,Nhật Phạm,10/03/2026
7eb162f1-4806-4804-8cf0-374c0c74dc0f,Cô Hà Nguyễn,625528745394,year:1949,0523891826,janedang@example.com,"07 Jane Khu, Thị xã JaneThị xã, 665642",Tim mach,10.95,Châu Nguyễn,24/01/2026
64d6dfbf-18c0-4e2b-b99f-070420f0156a,An Trần,302858841308,year:1962,0520026615,jane20@example.net,"3 Nguyễn Số, JohnThành phố, 404193",Khoe manh,11.18,Quý cô Hồng Lê,09/04/2026
7d66971e-8847-4c56-827c-9f8cd40ac5e9,Hải Bảo Hoàng,402253176727,year:1985,0864921528,jane89@example.com,"Thị xã JohnThành phố, 99 John Đường, 749352",Tieu duong,5.92,Trung Thế Bùi,22/04/2026
30d73df7-1c22-4cea-b355-56a5f2bd92f2,Khoa Tấn Dương,067600233930,year:1992,0348559287,buijohn@example.net,"1 Trần Hẻm, Thị xã JohnHuyện, 614053",Tieu duong,6.21,Linh Bùi,05/05/2026
9c2dfa97-43ad-4d62-b17c-fb21cdbc2c1c,Quang Hoàng,751057454635,year:1975,0788137921,vujohn@example.org,"05 Jane Hẻm, Thành phố JohnXã, 162995",Tieu duong,10.1,Hoàng Thị Phạm,16/01/2026
a7edc8d8-713f-4f8c-ac8b-e53758ab4778,Yến Vũ,491426265072,year:1962,0889819805,lejohn@example.com,"42 John Ngõ, Quận JohnHuyện, 594165",Tim mach,5.54,Cô Bảo Bùi,02/01/2026
edd97a1a-fa58-4b27-8ce3-e7c3f6eab3a0,Quý cô Nhật Dương,863635745394,year:2000,0388751306,buijohn@example.net,"734 Dương Làng, Quận JaneThị xã, 319739",Tim mach,5.55,Hương Phạm,08/01/2026
9a4ffc0c-9165-42ed-8c63-6e95025f5543,Bảo Mai Bảo Phạm,958981651861,year:1997,0515152374,ynguyen@example.net,"Quận JohnThành phố, 39 Hoàng Đường, 849957",Tim mach,11.43,Nhật Bùi,25/03/2026
669d01ff-1634-425b-93f3-007383e96ef4,Vân Mai,118438716708,year:2000,0923904127,nguyenjohn@example.com,"379 Phạm Đường, JaneHuyện, 266019",Khoe manh,6.62,Kim Nguyễn,02/03/2026
ea87855e-a382-45d3-9e0e-f546b0b6dedf,Châu Hữu Mai,895955057688,year:1965,0551845694,janedang@example.com,"1 Jane Dãy, JaneThị xã, 306227",Tim mach,7.3,Anh Trọng Phạm,09/04/2026
265cb9d9-8962-4f6e-929c-93b333c08bf1,Cô Yến Phạm,827184746873,year:1951,0737218751,duongjohn@example.net,"4 Jane Làng, JaneHuyện, 858801",Tieu duong,8.64,Quý cô Hương Mai,23/04/2026
58330b30-6c77-4e95-8b98-1ccd12b2102d,Nhật Văn Lê,800380293086,year:1944,0984157440,janetran@example.com,"56 Phạm Khu, Thị xã JohnThành phố, 212978",Tim mach,10.09,Huy Nguyễn,15/04/2026
ba54e920-2099-4180-8762-3997649f7d88,Quý cô Xuân Dương,786664560151,year:1975,0801627342,vujohn@example.com,"1 John Đường, Thị xã JaneThành phố, 199013",Huyet ap cao,10.25,Hưng Văn Hoàng,07/01/2026
b40a9181-ac09-4db7-9908-6e477249f62c,Bà Xuân Dương,522867407008,year:1990,0569930326,vpham@example.com,"84 Hoàng Dãy, JohnHuyện, 323627",Khoe manh,10.04,Phương Hoàng,12/01/2026
e134edfc-9777-4f10-b2d2-393f8e85140d,Hồng Mai,892169190334,year:1941,0502573264,john94@example.net,"39 Jane Đường, JohnXã, 336910",Huyet ap cao,6.24,Bác Dũng Vũ,17/02/2026
a58e83dd-548c-4d84-b40d-e04941476506,Khoa Mai Hoàng,453308445801,year:1947,0786309274,janehoang@example.org,"43 Jane Dãy, JaneHuyện, 406553",Tim mach,10.66,Bác Quang Vũ,17/02/2026
345af934-b42a-4d93-9aba-0f15b2149062,Tùng Hoàng Nguyễn,147526428963,year:1987,0367044977,john52@example.com,"709 Nguyễn Dãy, Huyện JaneXã, 211557",Tieu duong,4.84,Chị Phương Mai,04/01/2026
95831d58-ef4c-4119-8da5-d39b42c21797,Vân Hoàng,964452227411,year:1980,0769462392,johnpham@example.org,"591 John Tổ, Thị xã JanePhường, 123136",Khoe manh,5.61,Bà Linh Nguyễn,15/01/2026
0c6b7074-ab10-4c9b-9168-2e09f1f7d904,Xuân Trần,969642886200,year:1966,0714993305,lduong@example.org,"260 Jane Ngõ, Huyện JohnThành phố, 479896",Khoe manh,7.8,Dương Mai,04/01/2026
ac8d6c7d-b2a6-4468-902b-124380913ac1,Phương Hoàng,573198244022,year:2006,0994621665,john66@example.com,"40 John Làng, JaneHuyện, 643366",Khoe manh,3.93,Chị Thảo Phạm,19/01/2026
8d7dd772-608e-4f5c-a117-727067c0518b,Quang Hoàng,016185527536,year:1946,0969053678,johnduong@example.org,"39 Trần Ngõ, Thành phố JaneThị xã, 387122",Huyet ap cao,5.19,Lâm Hoàng Dương,08/05/2026
d9b59f84-edc3-41c3-adea-2d2d086c405f,Cô Nhật Bùi,354873909621,year:1954,0909471538,duongjane@example.net,"95 Vũ Dãy, JohnThành phố, 975267",Tim mach,8.55,Cô Ngọc Vũ,30/04/2026
f80b2cea-658e-44a2-9879-cf35f4719986,Dũng Bùi,434506586377,year:2002,0302479995,xle@example.org,"47 Jane Làng, JohnXã, 256147",Tieu duong,8.46,Chị Hà Bùi,02/01/2026
5c238d8d-71da-45b9-8eea-9db8f165d779,Phương Nguyễn,310725950363,year:1947,0308665611,dangjane@example.com,"40 John Dãy, Huyện JohnHuyện, 137959",Tieu duong,9.5,Khoa Hoàng Dương,17/02/2026
af70de70-2b69-495e-8567-1b58926bffa5,Hà Thị Đặng,317400494074,year:1976,0918691070,lpham@example.net,"6 Phạm Đường, JohnHuyện, 579802",Tim mach,5.41,Thành Hoàng,06/03/2026
cdd7f460-6140-47d3-9ec4-ea48d773f98d,Ông Dũng Mai,726297600257,year:1953,0341395399,snguyen@example.net,"753 John Ngõ, JaneThành phố, 789814",Tim mach,11.35,Nhiên Nguyễn,06/01/2026
f166cdcf-762c-4fbc-ba2a-a7baf3f81c31,Hà Thị Mai,958221631058,year:1944,0777790262,duongjohn@example.net,"607 Lê Tổ, JanePhường, 282872",Tim mach,9.6,Khoa Trần,15/04/2026
15c1604f-ea16-4354-a35f-c9c198049562,Phương Hữu Phạm,600970076616,year:1957,0895554176,vujohn@example.com,"0 John Khu, JanePhường, 464206",Tieu duong,11.98,Quý ông Trọng Đặng,04/04/2026
eba900e1-6a7d-4d96-8ba1-72331ac3bf31,Trung Bùi,708818621167,year:1982,0845392723,john84@example.com,"534 Lê Tổ, JohnThị xã, 793742",Tieu duong,6.31,Cô Thảo Lê,18/04/2026
6d268b37-8f52-42d3-94bb-bcf828fea761,Tú Phạm,516485094881,year:1960,0540470727,john34@example.net,"665 Jane Dãy, JohnPhường, 678910",Huyet ap cao,3.56,Huy Mai Lê,30/03/2026
dcd5bfae-abb3-46a7-8329-97801d2c2721,Dũng Vũ,279865227952,year:1988,0346800140,vpham@example.net,"316 Bùi Hẻm, Huyện JanePhường, 477335",Tim mach,6.62,Minh Mai,26/04/2026
6c4c450b-623a-40fc-9326-7d25234b4562,Anh Trọng Dương,697975793547,year:1958,0980847520,janetran@example.net,"324 Jane Hẻm, JaneQuận, 185301",Tieu duong,4.02,Bác Minh Vũ,28/03/2026
90bde900-1529-46f5-aad1-1fe87d1b695e,Tú Hữu Đặng,180053424011,year:1975,0321395166,tranjane@example.org,"542 Mai Khu, JaneThành phố, 186876",Khoe manh,7.38,Linh Lê,27/02/2026
7321a8b2-0840-405a-bfd2-f491dff389aa,Anh Nhiên Lê,596748471883,year:1995,0512520492,hoangjane@example.com,"13 Mai Tổ, JohnHuyện, 155160",Khoe manh,5.03,Phương Lê,02/02/2026
4aea1b8f-b43c-4e0a-ba9f-c10e52daf681,Quý cô Lâm Bùi,683382290373,year:2005,0570166270,janeduong@example.net,"7 Đặng Khu, JohnPhường, 154962",Khoe manh,9.22,Hà Thị Vũ,20/03/2026
b1d81887-4739-4c7b-bff3-0c8d83ff3e96,Yến Đặng,912059961867,year:1935,0941208706,johnvu@example.org,"602 Đặng Dãy, Huyện JohnThị xã, 246851",Tieu duong,7.29,Hạnh Đặng,20/01/2026
75a72686-d632-4d31-88ac-ffcfa04d4d14,Bảo Tấn Phạm,969840569709,year:1995,0551720910,cmai@example.org,"86 Lê Số, Huyện JohnPhường, 523946",Huyet ap cao,7.02,Quý cô Nhật Phạm,15/02/2026
b4258e19-1758-447e-a7cd-e1436de21429,Hà Thị Mai,589462473417,year:2000,0975809443,john06@example.org,"679 Bùi Dãy, JohnHuyện, 576491",Huyet ap cao,10.72,Thảo Nguyễn,13/03/2026
61fa01ba-231a-47c7-8c9b-ff5ce1887eaf,Hải Nguyễn,331194088428,year:1936,0970997099,johnbui@example.org,"1 Đặng Ngõ, Thành phố JaneQuận, 276477",Tieu duong,5.78,Quý cô Lan Trần,06/05/2026
99db1302-8dab-46d3-bf87-dfc2159152f2,Dũng Hữu Mai,467100046000,year:1963,0837564669,john13@example.org,"5 Jane Ngõ, JaneThành phố, 446380",Tim mach,10.09,Bảo Phạm,15/01/2026
0387f74d-1149-4096-965d-744f0445c1a8,Ông Phúc Lê,741439907316,year:1943,0509149325,jane68@example.net,"6 Dương Hẻm, JaneThành phố, 850754",Tieu duong,5.72,Quý cô Nhật Nguyễn,04/05/2026
ae59aa52-a65b-422b-95a3-86d9c362a810,Nhiên Đức Vũ,550684681390,year:1967,0918913495,nmai@example.com,"750 John Số, Huyện JohnPhường, 332121",Khoe manh,5.06,Phương Bảo Dương,25/01/2026
44cdbfdd-df9b-441e-87f7-bda1bff15840,Anh Trung Lê,713011299639,year:1993,0757292460,johnpham@example.net,"680 Jane Số, Quận JohnXã, 932020",Khoe manh,3.63,Anh Vũ Mai,14/02/2026
0b461173-00a8-4473-8242-5912bda3c162,Cô Khoa Nguyễn,562337679584,year:1999,0909710570,shoang@example.org,"10 Đặng Tổ, Quận JohnQuận, 146100",Tim mach,10.43,Xuân Vũ,11/04/2026
66a302d6-f43e-4c48-8bc1-f9e5fb3df063,Quang Lê,343945352108,year:1977,0365510336,janedang@example.org,"2 John Khu, Quận JohnPhường, 953689",Tieu duong,7.75,Hà Mai,05/01/2026
a2cd1590-58af-493c-8aa2-b4c93ba5bd76,Hưng Bảo Phạm,820705578125,year:1986,0772379278,john08@example.net,"956 John Đường, JaneXã, 306914",Huyet ap cao,9.89,Hạnh Văn Hoàng,21/04/2026
f6d70248-a995-4cc3-af5b-09a60ff1c51f,Tùng Mai Đặng,146782581479,year:1978,0961543769,johnle@example.org,"893 Jane Tổ, JohnXã, 178872",Khoe manh,11.74,Nam Trần,10/02/2026
43d78f2b-769d-41e3-8eed-412473b0d676,Ông Bảo Lê,904069919269,year:1976,0590191554,john70@example.org,"50 Hoàng Tổ, JaneQuận, 446950",Khoe manh,9.55,Anh Minh Dương,28/01/2026
d49347fc-0fc9-4d2e-830f-9be91f178f93,Huy Xuân Bùi,305281953719,year:1986,0810755105,maijane@example.org,"338 Hoàng Khu, JaneQuận, 476179",Tieu duong,3.72,Ngọc Vũ,06/01/2026
2c3d17e2-6d39-4a75-aee7-0ab261fa8e7a,Bà Hải Phạm,432711026344,year:1973,0375180924,john74@example.com,"132 Phạm Làng, JaneThị xã, 143287",Tim mach,5.78,Thảo Dương,04/01/2026
b69f75c5-c82b-41be-a1eb-64e6fd498e20,Cô Thảo Phạm,719738366222,year:2003,0324114850,gpham@example.org,"183 John Tổ, JohnXã, 602295",Khoe manh,6.32,Ánh Nguyễn,12/02/2026
cc21cbdb-fb8f-48c4-98b4-8ead93608edf,Ông Tú Hoàng,398332522747,year:1967,0804027291,cnguyen@example.com,"56 Bùi Khu, JohnThị xã, 492892",Khoe manh,5.88,Quý ông Trung Trần,03/04/2026
9d37efb6-eafb-4e90-94ec-84ce002ccb25,Hoàng Vũ,121008930859,year:1979,0326867464,nguyenjohn@example.com,"8 Hoàng Tổ, Thị xã JohnPhường, 313374",Huyet ap cao,9.58,Ngọc Dương,07/05/2026
f7ff88d4-b509-408a-ac98-8bca51397c06,Hưng Đặng,737060301415,year:1977,0864714432,vpham@example.net,"697 Trần Số, JanePhường, 977152",Tieu duong,8.29,Phương Xuân Nguyễn,04/03/2026
f68c62e6-e2a4-4909-a2dd-22d52afaab7b,Thảo Nguyễn,831983333827,year:1996,0830714024,gmai@example.org,"093 John Khu, JohnPhường, 767460",Tim mach,11.98,Hải Dương,04/04/2026
a6a5f0ff-93fb-41d0-9d32-6d9cc9ea356a,Khoa Vũ,847673830302,year:1939,0995280074,johnvu@example.com,"5 John Ngõ, JohnQuận, 281772",Tim mach,3.88,Quang Đức Mai,09/02/2026
b27b7bb4-68c6-40b2-b0a2-cee8f9722cc1,Hải Trần,050168866424,year:1967,0807516614,john12@example.org,"067 Jane Số, Thành phố JohnThành phố, 173506",Huyet ap cao,7.32,Quý cô Hồng Trần,16/01/2026
4ef03f80-1d91-4e39-9801-4004793bed1b,Cô Hải Phạm,170001277832,year:1947,0910370369,janehoang@example.org,"43 Lê Dãy, JohnPhường, 352922",Khoe manh,8.7,Chị Nhật Dương,14/02/2026
6319629b-d73e-4bb9-8f9c-a17b8db8dadf,Chị Khoa Lê,566458678852,year:1967,0957157597,wvu@example.com,"32 Hoàng Đường, Thành phố JanePhường, 620037",Khoe manh,8.57,Cô Nhật Vũ,26/03/2026
a091e5b4-d293-4e6e-bf4d-093033b0fb53,Cô Ngọc Phạm,380691458666,year:1947,0379992174,jane02@example.com,"434 Mai Dãy, JohnHuyện, 289686",Khoe manh,11.69,Quý cô Lan Dương,20/01/2026
891f4683-de12-4bf1-893d-6196c926a021,Hoàng Đặng,886056824125,year:2001,0904234001,john65@example.com,"Huyện JaneQuận, 57 John Dãy, 718413",Khoe manh,8.17,Lâm Hoàng,06/04/2026
1924c644-af52-4666-b239-09f4dbb54645,Vũ Đức Dương,430410205042,year:1979,0586164789,duongjohn@example.net,"4 Trần Hẻm, Quận JaneXã, 596378",Tieu duong,10.09,Quý cô Duyên Trần,08/02/2026
08775804-3fde-4814-8ec0-ad4bd6441a9d,An Nguyễn,152697531838,year:1972,0754551835,johnbui@example.net,"762 John Ngõ, JaneQuận, 472088",Tim mach,8.37,Bà Nhật Nguyễn,06/01/2026
da9408c0-29b4-4cb1-8cb5-ee5c62f5f7c2,Bác Trung Phạm,886153830436,year:1963,0370818848,tnguyen@example.net,"23 Jane Khu, Thành phố JohnQuận, 681254",Tieu duong,6.92,Hà Mai,01/04/2026
d30608be-8548-467b-ad5c-ba244d59616b,Anh Tấn Phạm,265212833933,year:2004,0306287397,jane29@example.com,"711 Nguyễn Khu, Thành phố JohnPhường, 400723",Huyet ap cao,8.31,Bà Duyên Bùi,05/01/2026
4bacbedf-ff5a-429e-bf53-d344a7c854e4,Ông Tùng Nguyễn,678343474570,year:1988,0898061799,pvu@example.com,"690 Phạm Làng, Thành phố JohnThành phố, 439250",Tieu duong,6.66,Cô Lâm Lê,05/02/2026
55ec024a-e64b-4b37-ae01-a122f269921c,Thảo Vũ,910344548186,year:1965,0909769601,jane49@example.com,"1 Đặng Làng, JohnThị xã, 681310",Khoe manh,9.4,Chị Thảo Bùi,21/03/2026
e8184f34-e491-4f7d-91c4-6efcfcb896bb,Chị Hà Vũ,111509338698,year:1946,0934756386,janebui@example.org,"860 John Làng, JohnThị xã, 508414",Tim mach,9.64,Chị Khoa Đặng,01/01/2026
bb0c7919-330c-4ff5-88a5-fa0d09a85dc5,Chi Nguyễn,580561065683,year:1961,0974196095,lejane@example.net,"98 Dương Số, JaneXã, 881326",Tim mach,10.12,Bà Hồng Hoàng,08/03/2026
5bf7dda1-7d7c-49a5-a6c1-1650ff02f5b0,Chị Mai Lê,216782522545,year:1937,0535820706,johnle@example.org,"763 Jane Đường, JaneXã, 722475",Tim mach,4.62,Quý ông Hoàng Mai,15/03/2026
797209c0-40b3-44f8-8c1a-b2c71fa3ed1f,Minh Tấn Đặng,021284441131,year:1976,0335087709,jane56@example.com,"286 Bùi Tổ, Thị xã JaneThị xã, 561132",Tieu duong,8.94,Quý cô Hương Đặng,11/03/2026
290e3e89-4b9c-42f4-a8e5-c8cdb4146e4a,Quang Hữu Bùi,798274817871,year:1963,0510154575,duongjane@example.com,"77 Đặng Ngõ, Thành phố JaneThành phố, 176753",Khoe manh,4.49,Quý cô Vân Phạm,20/01/2026
0a190939-dfc7-4b26-acb9-41fcd02c75f9,Chị Chi Phạm,353265155834,year:1993,0568417115,janeduong@example.com,"27 Trần Ngõ, Quận JaneThị xã, 990293",Tim mach,7.95,Bà Lan Nguyễn,03/04/2026
e2d903c8-a61a-4d8e-abf7-240fccc62fed,Nhật Bùi,551758200599,year:1957,0722902599,ldang@example.net,"07 Jane Làng, Quận JanePhường, 465438",Tieu duong,5.58,An Trí Vũ,08/05/2026
de4b061e-b45e-4463-832a-09e05071e5f0,Chị Chi Nguyễn,993645962256,year:1948,0518742308,johntran@example.com,"303 Jane Số, JaneThị xã, 571876",Huyet ap cao,10.34,Phương Trí Bùi,24/02/2026
8ced4707-3903-4b65-81c6-1eeb0ce3c8c8,Quý ông Bảo Vũ,418718098682,year:1997,0821111951,jane81@example.org,"296 Jane Tổ, JaneQuận, 141398",Khoe manh,11.98,Ông Minh Lê,28/04/2026
4dfa21be-a335-42c8-9e7b-1e95f692641a,Quý ông Quang Bùi,339863432813,year:1942,0830182527,jmai@example.net,"9 John Đường, JanePhường, 278846",Tieu duong,11.77,Ông Nhiên Mai,14/03/2026
e599bd3c-0bb8-4d38-9b37-ef19b3bc912f,Cô Kim Mai,029031948127,year:1949,0905050735,phamjane@example.org,"1 Trần Tổ, JohnHuyện, 467000",Huyet ap cao,5.98,Bà Hồng Nguyễn,10/01/2026
d6bca712-6ecc-4931-af70-5d018da03d88,Quý cô Nhật Vũ,329601011730,year:1952,0791629953,johndang@example.com,"8 John Khu, JohnXã, 852108",Tim mach,11.7,Cô Chi Bùi,02/03/2026
8db78572-ef7d-4821-bca0-258eb63d65d5,Hồng Hoàng,015361732351,year:1974,0364136568,john27@example.org,"75 John Hẻm, JanePhường, 264114",Tim mach,10.47,Nhiên Bảo Vũ,05/01/2026
ab95c72f-0d95-4af5-a534-21bc6180b78a,Hải Hữu Phạm,783412179601,year:1957,0552905632,opham@example.com,"487 Lê Dãy, JaneXã, 821204",Tim mach,11.3,Ông Huy Vũ,17/03/2026
f9cf8499-c9c1-4d45-b4ea-6b976aa415b5,Quý cô Nhật Vũ,367164883314,year:1969,0725428277,john43@example.com,"615 Jane Dãy, Huyện JaneXã, 137520",Tim mach,5.33,Chị Bảo Hoàng,24/01/2026
4773e66a-6db2-4020-8a67-01436090103c,Phúc Nguyễn,833443241261,year:1970,0904606534,uvu@example.net,"11 Jane Số, JaneHuyện, 509592",Huyet ap cao,8.96,Ngọc Phạm,22/03/2026
1789be63-6746-4743-897b-303d8b074d1a,Mai Trần,754546663807,year:1980,0813454329,johnnguyen@example.org,"9 John Tổ, Huyện JanePhường, 776441",Tim mach,4.0,Bảo Lê,14/03/2026
7210045a-823c-4ef9-8d85-65ce83a9c235,Phương Tấn Bùi,152209605081,year:1978,0545260024,john43@example.com,"447 Jane Tổ, Huyện JanePhường, 208717",Tim mach,11.27,Bà Chi Phạm,11/01/2026
8ede9b46-407d-4aff-8b51-a9112d90e4ee,Phương Đặng,886482672470,year:1970,0839320113,johnpham@example.com,"9 Nguyễn Số, Huyện JohnPhường, 316441",Tieu duong,6.32,Vân Mai,24/02/2026
61a451ff-700b-4b43-ad3b-9d13c3e90323,Quý cô Ngọc Mai,448746807872,year:1956,0579098142,johnhoang@example.org,"78 Hoàng Dãy, JohnQuận, 534697",Huyet ap cao,11.79,Bảo Trí Mai,28/01/2026
9dec2b83-3885-4f7e-af1a-25a829344e15,Chị Hải Lê,905040083798,year:1960,0820799111,maijane@example.com,"917 Jane Tổ, Quận JaneXã, 536414",Tim mach,11.33,Bà Hạnh Dương,14/01/2026
7c6166df-515a-4b43-b189-1f48e66e2c11,Quang Thế Trần,828462474535,year:1956,0767761461,jane01@example.com,"77 Vũ Ngõ, JaneXã, 992412",Tieu duong,9.62,Nhật Bảo Nguyễn,22/01/2026
14fc3a5d-9b4b-4377-a542-deb92cff45f8,Thành Dương,286957980369,year:1962,0900642982,john00@example.org,"62 John Ngõ, JohnXã, 981475",Tim mach,5.72,Tùng Đức Đặng,08/04/2026
5d264b1b-6593-4659-972e-8c6882aa5c46,Bà Bảo Lê,086756169449,year:1957,0517452853,janele@example.net,"68 Jane Dãy, Thành phố JaneThị xã, 422569",Tim mach,5.25,Trọng Mai,11/04/2026
635a11f2-5c7a-483d-8a9d-2704e860bcb1,Mai Trần,471411678649,year:1979,0882660155,btran@example.net,"982 Lê Đường, JaneThành phố, 866974",Khoe manh,5.2,Minh Mai Nguyễn,27/03/2026
83b8fa05-13bc-4dc6-bae0-acdb2a6524af,Chị Mai Phạm,556811776105,year:1960,0323207805,johnvu@example.org,"818 Đặng Đường, JohnXã, 632298",Tieu duong,5.74,Bà Dương Hoàng,26/04/2026
833c8f55-a129-4fa2-a27d-4660293fc266,Bà Thảo Trần,898189049899,year:1955,0918031594,vujane@example.net,"96 Jane Tổ, JanePhường, 329205",Huyet ap cao,7.55,Ngọc Bùi,24/04/2026
9f8acdeb-2e8f-45a8-847a-3b7ed209383b,Hạnh Vũ,845146677032,year:1997,0305224232,hoangjane@example.org,"79 Nguyễn Ngõ, Thị xã JohnQuận, 989499",Huyet ap cao,10.59,Kim Hoàng,09/05/2026
8a0ea57a-9a7d-409d-a6e8-790b215d3b1f,Huy Trần,882841189404,year:2006,0788081358,opham@example.org,"23 Vũ Đường, JohnPhường, 552418",Tieu duong,11.36,Tú Văn Vũ,21/03/2026
b58ac738-0166-4221-b063-ae7f41ff81d1,Khoa Hữu Vũ,039826031733,year:1951,0552591151,jane98@example.net,"839 Hoàng Số, JohnHuyện, 487015",Tim mach,9.37,Linh Dương,22/03/2026
7b8301cf-8ebc-4d7e-88a6-5b858d56bff6,Thành Đức Mai,606340464853,year:2001,0362701844,john67@example.com,"50 Jane Làng, Huyện JaneHuyện, 673884",Khoe manh,5.3,Bà Thảo Hoàng,04/05/2026
d2c0dec2-1751-44d7-8deb-2696015aba1d,Thảo Đặng,206071832770,year:1947,0759892323,johnhoang@example.org,"01 Nguyễn Làng, JohnThị xã, 659649",Khoe manh,3.93,Hương Bùi,27/04/2026
3b4ec9f5-b2cd-4a0a-840c-5cb082b34384,Quý ông Nam Vũ,133726137837,year:1935,0836637281,jane56@example.net,"717 Mai Dãy, Huyện JaneQuận, 786719",Tim mach,9.87,Lâm Vũ,07/02/2026
932d1648-6769-40f1-ae01-b9e0746b161a,Mai Mai,241945565676,year:1990,0360585926,cpham@example.com,"11 Vũ Tổ, JaneXã, 759257",Huyet ap cao,5.65,Khoa Quang Dương,04/04/2026
61f6dfbe-114b-4c79-8200-79f51dc3c26e,Nhiên Bùi,695064253177,year:1991,0742906555,johnbui@example.com,"1 Mai Đường, JohnXã, 412883",Tim mach,6.04,An Bùi,15/02/2026
43f19b58-df6c-4d60-bdf7-6a69bc45144a,Quý cô Lan Đặng,190893169991,year:1983,0983753296,kdang@example.com,"606 Bùi Ngõ, JohnThành phố, 201355",Tim mach,11.21,Hồng Đặng,19/03/2026
20d4ba18-93a0-4478-800b-19de38db128d,Dũng Phú Dương,317646769312,year:2000,0955776592,lejane@example.org,"1 Dương Ngõ, JohnXã, 638778",Huyet ap cao,11.55,Bảo Hoàng,17/04/2026
78aa16ea-44f7-401a-bcb5-26d7434a130e,Ông Phúc Vũ,959438555330,year:1993,0883043977,johnvu@example.org,"241 Hoàng Đường, Thành phố JohnPhường, 626267",Huyet ap cao,7.75,Anh Tùng Nguyễn,02/04/2026
6be8c756-2d36-426c-827e-789cce40483b,Khoa Nguyễn,326034540026,year:1978,0826558558,tranjohn@example.org,"357 Jane Dãy, Thành phố JohnPhường, 597853",Tieu duong,7.34,Quý ông Hoàng Đặng,19/04/2026
41f9994a-cf5d-437f-ae8d-5daa8eb7c306,Cô Hương Lê,577083225563,year:1983,0963667318,vujane@example.net,"77 John Đường, Thành phố JohnThành phố, 499674",Huyet ap cao,3.65,Hương Vũ,16/01/2026
50405c43-3a6c-4da6-97f7-d71f2978cc73,Quý ông Châu Hoàng,924656673748,year:1989,0347461087,vujane@example.net,"931 Vũ Đường, JaneThành phố, 481765",Khoe manh,11.05,Hạnh Đức Lê,17/04/2026
65a29cc8-c55b-495d-86bf-d9c40dc78104,Hải Bùi,015126296141,year:1956,0852005295,ale@example.net,"651 Dương Ngõ, Huyện JohnHuyện, 903619",Tieu duong,8.55,Trọng Hoàng Vũ,27/01/2026
8a0ec018-b297-49b2-b2cf-fcaef833ebfb,Anh Tùng Vũ,852546280543,year:1994,0791135603,janevu@example.com,"7 Jane Dãy, JaneXã, 878666",Huyet ap cao,7.06,Tùng Văn Trần,28/02/2026
cc476b72-6e31-4234-8410-010802568389,Cô Chi Mai,033856203381,year:1936,0794559588,buijohn@example.com,"05 John Số, Quận JohnThành phố, 687191",Huyet ap cao,9.35,Thảo Nguyễn,22/02/2026
1186da93-da7d-4c53-b020-cf0669b41194,Hà Trần,128815354408,year:1997,0798437537,jane80@example.net,"62 Dương Ngõ, Thị xã JaneThành phố, 498013",Tieu duong,10.41,Hà Phạm,30/01/2026
578799d9-3799-4376-be5b-3ac903c501fe,Trung Mai Bảo Mai,145356698007,year:1998,0914592096,tranjane@example.org,"06 Jane Dãy, JaneThành phố, 153312",Khoe manh,6.9,Chị Hà Mai,31/03/2026
85695f97-180d-4855-855f-fde8bc3e1d19,Châu Mai Bảo Dương,572340190553,year:1979,0797229074,janebui@example.com,"3 John Hẻm, JohnXã, 656427",Tieu duong,10.83,Phương Vũ,24/04/2026
3e3b1a40-ca05-43a2-a553-b15f1ea15b0f,Ông Phúc Hoàng,376288610230,year:2000,0946040395,jane28@example.com,"7 John Khu, Quận JanePhường, 642719",Huyet ap cao,7.6,Hạnh Dương,15/02/2026
c9df301e-8ef0-4de1-bb4f-19725115d7ee,Hạnh Quang Hoàng,217615962391,year:1986,0366212096,johnmai@example.org,"JaneXã, 82 Trần Khu, 995909",Khoe manh,6.93,Chị Hạnh Dương,29/03/2026
8aa6b006-436a-4b9d-91c5-6a004bb13407,Thảo Mai,903602895932,year:1986,0891826239,jane57@example.org,"9 Jane Làng, Thành phố JohnThành phố, 905205",Tim mach,11.07,Khoa Nguyễn,08/05/2026
f013a170-d5cf-4b4c-8b34-fc841111ee29,Cô Hải Đặng,270698029304,year:1949,0967501020,jane03@example.com,"613 Jane Ngõ, JaneXã, 976173",Tim mach,8.16,Bác Nam Mai,12/03/2026
e3f342a8-f030-4fd4-be54-898e8eda6433,Chi Bùi,722750766365,year:1971,0751964177,jane55@example.net,"930 Trần Đường, JohnPhường, 843065",Tieu duong,10.06,Lan Trần,02/02/2026
66cc7376-8cca-4963-ae2e-77a4cadec379,Vi Vũ,237853491993,year:1978,0977095911,dangjane@example.com,"01 Jane Hẻm, Thị xã JaneQuận, 635293",Tim mach,7.78,Khoa Hoàng,25/02/2026
2294fa0a-8482-4c08-842c-65ad9883e9b1,Thành Phạm,788522780823,year:1965,0348191115,phamjohn@example.net,"1 Jane Làng, Quận JohnHuyện, 651581",Tim mach,9.34,Hương Hoàng,19/03/2026
bbf8da91-37a9-4824-aafa-4d5b91ae3d4c,Nhật Mai Hoàng,780443869441,year:2001,0837470025,jane67@example.net,"522 Jane Khu, JohnXã, 659047",Tieu duong,9.2,Quý ông Châu Lê,11/01/2026
51beba8e-0a8a-4b94-863d-fcd64e0648d0,Vũ Đức Phạm,569772268772,year:1956,0515702918,johnbui@example.org,"987 John Tổ, JaneXã, 926628",Tim mach,9.39,Hạnh Hải Mai,08/04/2026
2160446e-b2a7-4475-8619-67736f3acf33,Nhật Thị Nguyễn,559652270714,year:2001,0712684289,janetran@example.com,"611 Jane Số, Huyện JohnXã, 719791",Huyet ap cao,11.86,Tùng Thế Đặng,08/05/2026
2b54500d-4e08-4bb4-8509-d55806326b36,Anh Tùng Vũ,007378373988,year:1955,0551313542,janele@example.com,"375 Hoàng Tổ, JohnXã, 777257",Tim mach,8.57,Quý cô An Hoàng,02/04/2026
bd717da3-3581-4632-94f5-df7005d2d205,Mai Đặng,583108156349,year:1970,0739034248,maijohn@example.net,"038 Phạm Số, Thành phố JohnThành phố, 331744",Huyet ap cao,9.14,Trọng Lê,08/05/2026
637e3f94-110c-4d92-8222-305df1f71605,Thành Đặng,793046660628,year:1937,0733526451,ydang@example.net,"24 John Đường, Quận JaneThành phố, 539539",Tim mach,8.09,Khoa Tấn Lê,18/03/2026
58c69158-04b4-4ac9-a831-7f0dbe9063fb,Anh Hưng Lê,297766404328,year:2003,0726246042,john84@example.org,"260 Jane Đường, Huyện JaneHuyện, 796635",Huyet ap cao,10.85,Nhật Trần,16/04/2026
2379c05f-a708-4280-b4ee-0b6721bbd183,Mai Hoàng,060167616569,year:1953,0515948482,duongjane@example.org,"22 Hoàng Số, Quận JaneThị xã, 895635",Khoe manh,6.8,Tú Trần,21/01/2026
c32fc21b-06b4-4d27-af4b-8be821acfdb5,Hà Đức Đặng,882726159132,year:1966,0741452220,vle@example.com,"95 John Hẻm, Thị xã JohnXã, 797727",Khoe manh,6.74,Hải Mai Dương,03/01/2026
69bd40d8-f340-4dd3-8515-75b9ece9504b,Hải Đức Hoàng,415577320831,year:1944,0996293051,lejane@example.org,"820 John Dãy, Quận JanePhường, 331748",Khoe manh,8.07,Quý cô Vân Phạm,11/04/2026
